"0","# tpe_highSchools"
"0","levels(tpe_highSchools)<-c(levels(tpe_highSchools),""北一女"")"
"0","tpe_highSchools[670:679]<-""北一女"""
"0","tpe_highSchools"
"1","  [1]"
"1"," 臺北市立第一女中        "
"1"," 台北市立中山女中        "
"1"," 台北市立中山女中        "
"1"," 台北市立中山女中        "
"1","
"
"1","  [5]"
"1"," 臺北市立第一女中        "
"1"," 台北市立中山女中        "
"1"," 國立政大附中            "
"1"," 台北市立中山女中        "
"1","
"
"1","  [9]"
"1"," 國立政大附中            "
"1"," 台北市立中山女中        "
"1"," 台北市立中山女中        "
"1"," 臺北市立第一女中        "
"1","
"
"1"," [13]"
"1"," 台北市立中山女中        "
"1"," 台北市立中山女中        "
"1"," 國立政大附中            "
"1"," 國立政大附中            "
"1","
"
"1"," [17]"
"1"," 臺北市立第一女中        "
"1"," 臺北市立第一女中        "
"1"," 國立政大附中            "
"1"," 台北市立中山女中        "
"1","
"
"1"," [21]"
"1"," 台北市立中山女中        "
"1"," 台北市立中山女中        "
"1"," 台北市立中山女中        "
"1"," 臺北市立第一女中        "
"1","
"
"1"," [25]"
"1"," 台北市立中山女中        "
"1"," 臺北市立第一女中        "
"1"," 台北市立中山女中        "
"1"," 台北市立中山女中        "
"1","
"
"1"," [29]"
"1"," 台北市立中山女中        "
"1"," 台北市立中山女中        "
"1"," 台北市立中山女中        "
"1"," 台北市立中山女中        "
"1","
"
"1"," [33]"
"1"," 台北市立中山女中        "
"1"," 臺北市立第一女中        "
"1"," 臺北市立中山女子高級中學"
"1"," 臺北市立中山女子高級中學"
"1","
"
"1"," [37]"
"1"," 臺北市立中山女子高級中學"
"1"," 臺北市立中山女子高級中學"
"1"," 台北市立第一女子高級中學"
"1"," 台北市立第一女子高級中學"
"1","
"
"1"," [41]"
"1"," 臺北市立中山女子高級中學"
"1"," 臺北市立中山女子高級中學"
"1"," 國立政治大學附屬高級中學"
"1"," 國立政治大學附屬高級中學"
"1","
"
"1"," [45]"
"1"," 台北市立第一女子高級中學"
"1"," 臺北市立中山女子高級中學"
"1"," 台北市立第一女子高級中學"
"1"," 台北市立中山女中        "
"1","
"
"1"," [49]"
"1"," 臺北市立中山女子高級中學"
"1"," 台北市立第一女子高級中學"
"1"," 台北市立第一女子高級中學"
"1"," 臺北市立中山女子高級中學"
"1","
"
"1"," [53]"
"1"," 臺北市立中山女子高級中學"
"1"," 臺北市立中山女子高級中學"
"1"," 台北市立第一女子高級中學"
"1"," 臺北市立中山女子高級中學"
"1","
"
"1"," [57]"
"1"," 臺北市立中山女子高級中學"
"1"," 臺北市立中山女子高級中學"
"1"," 臺北市立中山女子高級中學"
"1"," 台北市立第一女子高級中學"
"1","
"
"1"," [61]"
"1"," 國立政治大學附屬高級中學"
"1"," 台北市立第一女子高級中學"
"1"," 臺北市立中山女子高級中學"
"1"," 國立政治大學附屬高級中學"
"1","
"
"1"," [65]"
"1"," 臺北市立中山女子高級中學"
"1"," 台北市立第一女子高級中學"
"1"," 國立政治大學附屬高級中學"
"1"," 國立政治大學附屬高級中學"
"1","
"
"1"," [69]"
"1"," 國立政治大學附屬高級中學"
"1"," 臺北市立中山女子高級中學"
"1"," 臺北市立中山女子高級中學"
"1"," 臺北市立中山女子高級中學"
"1","
"
"1"," [73]"
"1"," 台北市立第一女子高級中學"
"1"," 臺北市立中山女子高級中學"
"1"," 國立政治大學附屬高級中學"
"1"," 臺北市立中山女子高級中學"
"1","
"
"1"," [77]"
"1"," 臺北市立中山女子高級中學"
"1"," 臺北市立中山女子高級中學"
"1"," 國立政治大學附屬高級中學"
"1"," 台北市立第一女子高級中學"
"1","
"
"1"," [81]"
"1"," 臺北市立中山女子高級中學"
"1"," 台北市立第一女子高級中學"
"1"," 臺北市立中山女子高級中學"
"1"," 國立政治大學附屬高級中學"
"1","
"
"1"," [85]"
"1"," 臺北市立中山女子高級中學"
"1"," 臺北市立中山女子高級中學"
"1"," 臺北市立中山女子高級中學"
"1"," 台北市立第一女子高級中學"
"1","
"
"1"," [89]"
"1"," 臺北市立中山女子高級中學"
"1"," 台北市立第一女子高級中學"
"1"," 台北市立第一女子高級中學"
"1"," 臺北市立中山女子高級中學"
"1","
"
"1"," [93]"
"1"," 台北市立第一女子高級中學"
"1"," 臺北市立中山女子高級中學"
"1"," 臺北市立中山女子高級中學"
"1"," 國立政治大學附屬高級中學"
"1","
"
"1"," [97]"
"1"," 臺北市立中山女子高級中學"
"1"," 台北市立第一女子高級中學"
"1"," 台北市立第一女子高級中學"
"1"," 臺北市立中山女子高級中學"
"1","
"
"1","[101]"
"1"," 臺北市立中山女子高級中學"
"1"," 臺北市立中山女子高級中學"
"1"," 國立政治大學附屬高級中學"
"1"," 國立政治大學附屬高級中學"
"1","
"
"1","[105]"
"1"," 台北市立第一女子高級中學"
"1"," 台北市立第一女子高級中學"
"1"," 臺北市立中山女子高級中學"
"1"," 國立政治大學附屬高級中學"
"1","
"
"1","[109]"
"1"," 臺北市立中山女子高級中學"
"1"," 臺北市立中山女子高級中學"
"1"," 臺北市立中山女子高級中學"
"1"," 臺北市立第一女中        "
"1","
"
"1","[113]"
"1"," 台北市立中山女中        "
"1"," 臺北市立第一女中        "
"1"," 台北市立中山女中        "
"1"," 台北市立中山女中        "
"1","
"
"1","[117]"
"1"," 台北市立中山女中        "
"1"," 臺北市立第一女中        "
"1"," 台北市立中山女中        "
"1"," 台北市立中山女中        "
"1","
"
"1","[121]"
"1"," 台北市立中山女中        "
"1"," 台北市立中山女中        "
"1"," 台北市立中山女中        "
"1"," 台北市立中山女中        "
"1","
"
"1","[125]"
"1"," 台北市立中山女中        "
"1"," 臺北市立第一女中        "
"1"," 臺北市立第一女中        "
"1"," 臺北市立第一女中        "
"1","
"
"1","[129]"
"1"," 臺北市立第一女中        "
"1"," 臺北市立第一女中        "
"1"," 台北市立中山女中        "
"1"," 臺北市立第一女中        "
"1","
"
"1","[133]"
"1"," 台北市立中山女中        "
"1"," 臺北市立第一女中        "
"1"," 台北市立中山女中        "
"1"," 臺北市立第一女中        "
"1","
"
"1","[137]"
"1"," 台北市立中山女中        "
"1"," 台北市立中山女中        "
"1"," 臺北市立第一女中        "
"1"," 台北市立中山女中        "
"1","
"
"1","[141]"
"1"," 臺北市立第一女中        "
"1"," 台北市立中山女中        "
"1"," 台北市立中山女中        "
"1"," 台北市立中山女中        "
"1","
"
"1","[145]"
"1"," 臺北市立第一女中        "
"1"," 臺北市立第一女中        "
"1"," 臺北市立第一女中        "
"1"," 臺北市立第一女中        "
"1","
"
"1","[149]"
"1"," 台北市立中山女中        "
"1"," 台北市立中山女中        "
"1"," 臺北市立第一女中        "
"1"," 台北市立中山女中        "
"1","
"
"1","[153]"
"1"," 台北市立中山女中        "
"1"," 台北市立中山女中        "
"1"," 台北市立中山女中        "
"1"," 台北市立中山女中        "
"1","
"
"1","[157]"
"1"," 台北市立中山女中        "
"1"," 臺北市立第一女中        "
"1"," 台北市立中山女中        "
"1"," 台北市立中山女中        "
"1","
"
"1","[161]"
"1"," 台北市立中山女中        "
"1"," 台北市立中山女中        "
"1"," 台北市立中山女中        "
"1"," 臺北市立第一女中        "
"1","
"
"1","[165]"
"1"," 臺北市立第一女中        "
"1"," 台北市立中山女中        "
"1"," 台北市立中山女中        "
"1"," 臺北市立第一女中        "
"1","
"
"1","[169]"
"1"," 台北市立中山女中        "
"1"," 台北市立中山女中        "
"1"," 台北市立中山女中        "
"1"," 台北市立中山女中        "
"1","
"
"1","[173]"
"1"," 台北市立中山女中        "
"1"," 臺北市立第一女中        "
"1"," 台北市立中山女中        "
"1"," 台北市立中山女中        "
"1","
"
"1","[177]"
"1"," 台北市立中山女中        "
"1"," 台北市立中山女中        "
"1"," 台北市立中山女中        "
"1"," 台北市立中山女中        "
"1","
"
"1","[181]"
"1"," 臺北市立第一女中        "
"1"," 臺北市立第一女中        "
"1"," 台北市立中山女中        "
"1"," 臺北市立第一女中        "
"1","
"
"1","[185]"
"1"," 臺北市立第一女中        "
"1"," 臺北市立第一女中        "
"1"," 台北市立中山女中        "
"1"," 台北市立中山女中        "
"1","
"
"1","[189]"
"1"," 台北市立中山女中        "
"1"," 台北市立中山女中        "
"1"," 台北市立中山女中        "
"1"," 台北市立中山女中        "
"1","
"
"1","[193]"
"1"," 臺北市立第一女中        "
"1"," 台北市立中山女中        "
"1"," 台北市立中山女中        "
"1"," 臺北市立第一女中        "
"1","
"
"1","[197]"
"1"," 台北市立中山女中        "
"1"," 台北市立中山女中        "
"1"," 台北市立中山女中        "
"1"," 台北市立中山女中        "
"1","
"
"1","[201]"
"1"," 台北市立中山女中        "
"1"," 台北市立中山女中        "
"1"," 臺北市立第一女中        "
"1"," 國立政大附中            "
"1","
"
"1","[205]"
"1"," 台北市立中山女中        "
"1"," 臺北市立第一女中        "
"1"," 台北市立中山女中        "
"1"," 國立政大附中            "
"1","
"
"1","[209]"
"1"," 國立政大附中            "
"1"," 臺北市立第一女中        "
"1"," 台北市立中山女中        "
"1"," 台北市立中山女中        "
"1","
"
"1","[213]"
"1"," 台北市立中山女中        "
"1"," 台北市立中山女中        "
"1"," 臺北市立第一女中        "
"1"," 台北市立中山女中        "
"1","
"
"1","[217]"
"1"," 台北市立中山女中        "
"1"," 臺北市立第一女中        "
"1"," 臺北市立第一女中        "
"1"," 台北市立中山女中        "
"1","
"
"1","[221]"
"1"," 台北市立中山女中        "
"1"," 台北市立中山女中        "
"1"," 臺北市立第一女中        "
"1"," 臺北市立第一女中        "
"1","
"
"1","[225]"
"1"," 台北市立中山女中        "
"1"," 台北市立中山女中        "
"1"," 台北市立中山女中        "
"1"," 臺北市立第一女中        "
"1","
"
"1","[229]"
"1"," 臺北市立第一女中        "
"1"," 台北市立中山女中        "
"1"," 臺北市立第一女中        "
"1"," 台北市立中山女中        "
"1","
"
"1","[233]"
"1"," 台北市立中山女中        "
"1"," 國立政大附中            "
"1"," 台北市立中山女中        "
"1"," 台北市立中山女中        "
"1","
"
"1","[237]"
"1"," 台北市立中山女中        "
"1"," 台北市立中山女中        "
"1"," 臺北市立第一女中        "
"1"," 台北市立中山女中        "
"1","
"
"1","[241]"
"1"," 臺北市立第一女中        "
"1"," 臺北市立第一女中        "
"1"," 國立政大附中            "
"1"," 臺北市立第一女中        "
"1","
"
"1","[245]"
"1"," 台北市立中山女中        "
"1"," 台北市立中山女中        "
"1"," 臺北市立第一女中        "
"1"," 國立政大附中            "
"1","
"
"1","[249]"
"1"," 台北市立中山女中        "
"1"," 台北市立中山女中        "
"1"," 臺北市立第一女中        "
"1"," 台北市立中山女中        "
"1","
"
"1","[253]"
"1"," 臺北市立第一女中        "
"1"," 臺北市立第一女中        "
"1"," 臺北市立第一女中        "
"1"," 台北市立中山女中        "
"1","
"
"1","[257]"
"1"," 台北市立第一女子高級中學"
"1"," 臺北市立第一女中        "
"1"," 台北市立中山女中        "
"1"," 台北市立中山女中        "
"1","
"
"1","[261]"
"1"," 台北市立中山女中        "
"1"," 台北市立中山女中        "
"1"," 台北市立中山女中        "
"1"," 臺北市立第一女中        "
"1","
"
"1","[265]"
"1"," 臺北市立中山女子高級中學"
"1"," 臺北市立中山女子高級中學"
"1"," 臺北市立中山女子高級中學"
"1"," 台北市立第一女子高級中學"
"1","
"
"1","[269]"
"1"," 台北市立中山女中        "
"1"," 臺北市立第一女中        "
"1"," 台北市立中山女中        "
"1"," 臺北市立第一女中        "
"1","
"
"1","[273]"
"1"," 台北市立中山女中        "
"1"," 臺北市立第一女中        "
"1"," 台北市立中山女中        "
"1"," 臺北市立中山女子高級中學"
"1","
"
"1","[277]"
"1"," 國立政治大學附屬高級中學"
"1"," 台北市立第一女子高級中學"
"1"," 台北市立第一女子高級中學"
"1"," 台北市立中山女中        "
"1","
"
"1","[281]"
"1"," 台北市立中山女中        "
"1"," 臺北市立第一女中        "
"1"," 台北市立中山女中        "
"1"," 臺北市立第一女中        "
"1","
"
"1","[285]"
"1"," 臺北市立中山女子高級中學"
"1"," 台北市立第一女子高級中學"
"1"," 國立政治大學附屬高級中學"
"1"," 台北市立第一女子高級中學"
"1","
"
"1","[289]"
"1"," 臺北市立中山女子高級中學"
"1"," 台北市立第一女子高級中學"
"1"," 台北市立第一女子高級中學"
"1"," 台北市立中山女中        "
"1","
"
"1","[293]"
"1"," 台北市立中山女中        "
"1"," 臺北市立第一女中        "
"1"," 台北市立中山女中        "
"1"," 臺北市立第一女中        "
"1","
"
"1","[297]"
"1"," 台北市立中山女中        "
"1"," 臺北市立第一女中        "
"1"," 臺北市立第一女中        "
"1"," 台北市立中山女中        "
"1","
"
"1","[301]"
"1"," 台北市立中山女中        "
"1"," 台北市立中山女中        "
"1"," 台北市立中山女中        "
"1"," 台北市立中山女中        "
"1","
"
"1","[305]"
"1"," 台北市立中山女中        "
"1"," 台北市立中山女中        "
"1"," 臺北市立第一女中        "
"1"," 台北市立中山女中        "
"1","
"
"1","[309]"
"1"," 臺北市立第一女中        "
"1"," 台北市立中山女中        "
"1"," 臺北市立第一女中        "
"1"," 台北市立中山女中        "
"1","
"
"1","[313]"
"1"," 臺北市立第一女中        "
"1"," 國立政治大學附屬高級中學"
"1"," 台北市立第一女子高級中學"
"1"," 臺北市立中山女子高級中學"
"1","
"
"1","[317]"
"1"," 臺北市立中山女子高級中學"
"1"," 臺北市立中山女子高級中學"
"1"," 台北市立第一女子高級中學"
"1"," 國立政治大學附屬高級中學"
"1","
"
"1","[321]"
"1"," 臺北市立中山女子高級中學"
"1"," 台北市立中山女中        "
"1"," 台北市立第一女子高級中學"
"1"," 臺北市立中山女子高級中學"
"1","
"
"1","[325]"
"1"," 台北市立第一女子高級中學"
"1"," 台北市立中山女中        "
"1"," 台北市立中山女中        "
"1"," 國立政大附中            "
"1","
"
"1","[329]"
"1"," 台北市立中山女中        "
"1"," 臺北市立第一女中        "
"1"," 台北市立中山女中        "
"1"," 臺北市立第一女中        "
"1","
"
"1","[333]"
"1"," 台北市立中山女中        "
"1"," 臺北市立第一女中        "
"1"," 台北市立中山女中        "
"1"," 台北市立中山女中        "
"1","
"
"1","[337]"
"1"," 臺北市立第一女中        "
"1"," 台北市立中山女中        "
"1"," 台北市立中山女中        "
"1"," 台北市立中山女中        "
"1","
"
"1","[341]"
"1"," 臺北市立第一女中        "
"1"," 台北市立中山女中        "
"1"," 臺北市立第一女中        "
"1"," 台北市立中山女中        "
"1","
"
"1","[345]"
"1"," 台北市立中山女中        "
"1"," 台北市立中山女中        "
"1"," 臺北市立第一女中        "
"1"," 臺北市立第一女中        "
"1","
"
"1","[349]"
"1"," 臺北市立第一女中        "
"1"," 臺北市立中山女子高級中學"
"1"," 台北市立第一女子高級中學"
"1"," 臺北市立第一女中        "
"1","
"
"1","[353]"
"1"," 台北市立中山女中        "
"1"," 臺北市立中山女子高級中學"
"1"," 臺北市立中山女子高級中學"
"1"," 台北市立中山女中        "
"1","
"
"1","[357]"
"1"," 國立政大附中            "
"1"," 台北市立中山女中        "
"1"," 臺北市立中山女子高級中學"
"1"," 臺北市立中山女子高級中學"
"1","
"
"1","[361]"
"1"," 臺北市立第一女中        "
"1"," 臺北市立中山女子高級中學"
"1"," 台北市立中山女中        "
"1"," 臺北市立第一女中        "
"1","
"
"1","[365]"
"1"," 台北市立中山女中        "
"1"," 台北市立中山女中        "
"1"," 臺北市立第一女中        "
"1"," 臺北市立第一女中        "
"1","
"
"1","[369]"
"1"," 臺北市立第一女中        "
"1"," 臺北市立第一女中        "
"1"," 台北市立中山女中        "
"1"," 台北市立中山女中        "
"1","
"
"1","[373]"
"1"," 台北市立第一女子高級中學"
"1"," 臺北市立中山女子高級中學"
"1"," 台北市立中山女中        "
"1"," 台北市立中山女中        "
"1","
"
"1","[377]"
"1"," 臺北市立第一女中        "
"1"," 臺北市立中山女子高級中學"
"1"," 台北市立第一女子高級中學"
"1"," 臺北市立中山女子高級中學"
"1","
"
"1","[381]"
"1"," 臺北市立中山女子高級中學"
"1"," 臺北市立中山女子高級中學"
"1"," 台北市立第一女子高級中學"
"1"," 臺北市立中山女子高級中學"
"1","
"
"1","[385]"
"1"," 台北市立第一女子高級中學"
"1"," 台北市立第一女子高級中學"
"1"," 臺北市立中山女子高級中學"
"1"," 臺北市立中山女子高級中學"
"1","
"
"1","[389]"
"1"," 台北市立第一女子高級中學"
"1"," 台北市立中山女中        "
"1"," 臺北市立中山女子高級中學"
"1"," 臺北市立中山女子高級中學"
"1","
"
"1","[393]"
"1"," 台北市立第一女子高級中學"
"1"," 臺北市立第一女中        "
"1"," 台北市立中山女中        "
"1"," 台北市立中山女中        "
"1","
"
"1","[397]"
"1"," 臺北市立第一女中        "
"1"," 台北市立中山女中        "
"1"," 台北市立中山女中        "
"1"," 台北市立中山女中        "
"1","
"
"1","[401]"
"1"," 台北市立中山女中        "
"1"," 台北市立中山女中        "
"1"," 台北市立中山女中        "
"1"," 台北市立中山女中        "
"1","
"
"1","[405]"
"1"," 台北市立中山女中        "
"1"," 台北市立中山女中        "
"1"," 台北市立中山女中        "
"1"," 臺北市立第一女中        "
"1","
"
"1","[409]"
"1"," 臺北市立第一女中        "
"1"," 臺北市立第一女中        "
"1"," 臺北市立第一女中        "
"1"," 臺北市立第一女中        "
"1","
"
"1","[413]"
"1"," 臺北市立第一女中        "
"1"," 台北市立中山女中        "
"1"," 台北市立中山女中        "
"1"," 臺北市立第一女中        "
"1","
"
"1","[417]"
"1"," 臺北市立第一女中        "
"1"," 台北市立中山女中        "
"1"," 臺北市立第一女中        "
"1"," 台北市立中山女中        "
"1","
"
"1","[421]"
"1"," 台北市立中山女中        "
"1"," 台北市立第一女子高級中學"
"1"," 臺北市立中山女子高級中學"
"1"," 臺北市立中山女子高級中學"
"1","
"
"1","[425]"
"1"," 台北市立中山女中        "
"1"," 台北市立中山女中        "
"1"," 臺北市立第一女中        "
"1"," 臺北市立第一女中        "
"1","
"
"1","[429]"
"1"," 台北市立中山女中        "
"1"," 台北市立第一女子高級中學"
"1"," 台北市立中山女中        "
"1"," 台北市立中山女中        "
"1","
"
"1","[433]"
"1"," 台北市立中山女中        "
"1"," 臺北市立第一女中        "
"1"," 國立政治大學附屬高級中學"
"1"," 台北市立中山女中        "
"1","
"
"1","[437]"
"1"," 臺北市立中山女子高級中學"
"1"," 台北市立中山女中        "
"1"," 臺北市立中山女子高級中學"
"1"," 台北市立中山女中        "
"1","
"
"1","[441]"
"1"," 臺北市立第一女中        "
"1"," 台北市立中山女中        "
"1"," 台北市立中山女中        "
"1"," 台北市立中山女中        "
"1","
"
"1","[445]"
"1"," 臺北市立第一女中        "
"1"," 臺北市立第一女中        "
"1"," 台北市立中山女中        "
"1"," 臺北市立第一女中        "
"1","
"
"1","[449]"
"1"," 台北市立中山女中        "
"1"," 台北市立中山女中        "
"1"," 台北市立中山女中        "
"1"," 臺北市立第一女中        "
"1","
"
"1","[453]"
"1"," 臺北市立第一女中        "
"1"," 台北市立中山女中        "
"1"," 台北市立中山女中        "
"1"," 中山女中                "
"1","
"
"1","[457]"
"1"," 國立政大附中            "
"1"," 臺北市立第一女中        "
"1"," 臺北市立第一女中        "
"1"," 臺北市立第一女中        "
"1","
"
"1","[461]"
"1"," 國立政大附中            "
"1"," 臺北市立第一女中        "
"1"," 臺北市立第一女中        "
"1"," 國立政大附中            "
"1","
"
"1","[465]"
"1"," 台北市立中山女中        "
"1"," 台北市立中山女中        "
"1"," 國立政大附中            "
"1"," 台北市立中山女中        "
"1","
"
"1","[469]"
"1"," 台北市立中山女中        "
"1"," 台北市立中山女中        "
"1"," 台北市立中山女中        "
"1"," 台北市立中山女中        "
"1","
"
"1","[473]"
"1"," 台北市立第一女子高級中學"
"1"," 台北市立第一女子高級中學"
"1"," 臺北市立中山女子高級中學"
"1"," 臺北市立中山女子高級中學"
"1","
"
"1","[477]"
"1"," 臺北市立中山女子高級中學"
"1"," 台北市立第一女子高級中學"
"1"," 臺北市立中山女子高級中學"
"1"," 臺北市立中山女子高級中學"
"1","
"
"1","[481]"
"1"," 臺北市立中山女子高級中學"
"1"," 台北市立第一女子高級中學"
"1"," 台北市立第一女子高級中學"
"1"," 臺北市立中山女子高級中學"
"1","
"
"1","[485]"
"1"," 臺北市立中山女子高級中學"
"1"," 台北市立中山女中        "
"1"," 臺北市立第一女中        "
"1"," 臺北市立第一女中        "
"1","
"
"1","[489]"
"1"," 臺北市立中山女子高級中學"
"1"," 臺北市立第一女中        "
"1"," 臺北市立第一女中        "
"1"," 臺北市立第一女中        "
"1","
"
"1","[493]"
"1"," 台北市立中山女中        "
"1"," 台北市立中山女中        "
"1"," 臺北市立第一女中        "
"1"," 臺北市立中山女子高級中學"
"1","
"
"1","[497]"
"1"," 臺北市立中山女子高級中學"
"1"," 台北市立第一女子高級中學"
"1"," 臺北市立中山女子高級中學"
"1"," 台北市立第一女子高級中學"
"1","
"
"1","[501]"
"1"," 國立政治大學附屬高級中學"
"1"," 台北市立中山女中        "
"1"," 臺北市立中山女子高級中學"
"1"," 台北市立中山女中        "
"1","
"
"1","[505]"
"1"," 臺北市立第一女中        "
"1"," 台北市立中山女中        "
"1"," 臺北市立第一女中        "
"1"," 臺北市立第一女中        "
"1","
"
"1","[509]"
"1"," 臺北市立中山女子高級中學"
"1"," 台北市立第一女子高級中學"
"1"," 台北市立中山女中        "
"1"," 台北市立中山女中        "
"1","
"
"1","[513]"
"1"," 台北市立中山女中        "
"1"," 台北市立中山女中        "
"1"," 台北市立中山女中        "
"1"," 台北市立中山女中        "
"1","
"
"1","[517]"
"1"," 台北市立中山女中        "
"1"," 臺北市立第一女中        "
"1"," 台北市立中山女中        "
"1"," 台北市立中山女中        "
"1","
"
"1","[521]"
"1"," 台北市立中山女中        "
"1"," 臺北市立第一女中        "
"1"," 臺北市立第一女中        "
"1"," 台北市立中山女中        "
"1","
"
"1","[525]"
"1"," 臺北市立第一女中        "
"1"," 台北市立中山女中        "
"1"," 台北市立中山女中        "
"1"," 台北市立中山女中        "
"1","
"
"1","[529]"
"1"," 臺北市立第一女中        "
"1"," 國立政大附中            "
"1"," 台北市立第一女子高級中學"
"1"," 台北市立中山女中        "
"1","
"
"1","[533]"
"1"," 臺北市立中山女子高級中學"
"1"," 臺北市立第一女中        "
"1"," 台北市立中山女中        "
"1"," 台北市立中山女中        "
"1","
"
"1","[537]"
"1"," 臺北市立第一女中        "
"1"," 台北市立中山女中        "
"1"," 台北市立中山女中        "
"1"," 台北市立中山女中        "
"1","
"
"1","[541]"
"1"," 台北市立中山女中        "
"1"," 國立政大附中            "
"1"," 臺北市立第一女中        "
"1"," 臺北市立第一女中        "
"1","
"
"1","[545]"
"1"," 台北市立中山女中        "
"1"," 台北市立中山女中        "
"1"," 臺北市立第一女中        "
"1"," 臺北市立第一女中        "
"1","
"
"1","[549]"
"1"," 臺北市立第一女中        "
"1"," 國立政大附中            "
"1"," 臺北市立第一女中        "
"1"," 臺北市立第一女中        "
"1","
"
"1","[553]"
"1"," 台北市立中山女中        "
"1"," 台北市立中山女中        "
"1"," 台北市立中山女中        "
"1"," 臺北市立第一女中        "
"1","
"
"1","[557]"
"1"," 台北市立中山女中        "
"1"," 台北市立中山女中        "
"1"," 台北市立中山女中        "
"1"," 臺北市立第一女中        "
"1","
"
"1","[561]"
"1"," 臺北市立第一女中        "
"1"," 台北市立中山女中        "
"1"," 台北市立第一女子高級中學"
"1"," 臺北市立第一女中        "
"1","
"
"1","[565]"
"1"," 台北市立中山女中        "
"1"," 台北市立中山女中        "
"1"," 臺北市立中山女子高級中學"
"1"," 臺北市立第一女中        "
"1","
"
"1","[569]"
"1"," 臺北市立第一女中        "
"1"," 台北市立中山女中        "
"1"," 台北市立中山女中        "
"1"," 台北市立中山女中        "
"1","
"
"1","[573]"
"1"," 台北市立中山女中        "
"1"," 台北市立第一女子高級中學"
"1"," 台北市立第一女子高級中學"
"1"," 臺北市立第一女中        "
"1","
"
"1","[577]"
"1"," 國立政大附中            "
"1"," 臺北市立中山女子高級中學"
"1"," 台北市立中山女中        "
"1"," 臺北市立第一女中        "
"1","
"
"1","[581]"
"1"," 台北市立中山女中        "
"1"," 台北市立第一女子高級中學"
"1"," 臺北市立第一女中        "
"1"," 臺北市立中山女子高級中學"
"1","
"
"1","[585]"
"1"," 臺北市立中山女子高級中學"
"1"," 台北市立第一女子高級中學"
"1"," 台北市立中山女中        "
"1"," 台北市立中山女中        "
"1","
"
"1","[589]"
"1"," 臺北市立中山女子高級中學"
"1"," 台北市立中山女中        "
"1"," 臺北市立第一女中        "
"1"," 台北市立中山女中        "
"1","
"
"1","[593]"
"1"," 臺北市立第一女中        "
"1"," 台北市立中山女中        "
"1"," 臺北市立第一女中        "
"1"," 台北市立中山女中        "
"1","
"
"1","[597]"
"1"," 台北市立中山女中        "
"1"," 臺北市立中山女子高級中學"
"1"," 台北市立第一女子高級中學"
"1"," 台北市立第一女子高級中學"
"1","
"
"1","[601]"
"1"," 台北市立第一女子高級中學"
"1"," 臺北市立中山女子高級中學"
"1"," 臺北市立中山女子高級中學"
"1"," 國立政治大學附屬高級中學"
"1","
"
"1","[605]"
"1"," 臺北市立中山女子高級中學"
"1"," 臺北市立中山女子高級中學"
"1"," 國立政治大學附屬高級中學"
"1"," 台北市立中山女中        "
"1","
"
"1","[609]"
"1"," 台北市立中山女中        "
"1"," 台北市立中山女中        "
"1"," 台北市立中山女中        "
"1"," 臺北市立第一女中        "
"1","
"
"1","[613]"
"1"," 台北市立中山女中        "
"1"," 台北市立中山女中        "
"1"," 中山女高                "
"1"," 臺北市立第一女中        "
"1","
"
"1","[617]"
"1"," 臺北市立第一女中        "
"1"," 台北市立中山女中        "
"1"," 臺北市立第一女中        "
"1"," 台北市立中山女中        "
"1","
"
"1","[621]"
"1"," 台北市立中山女中        "
"1"," 台北市立中山女中        "
"1"," 台北市立中山女中        "
"1"," 臺北市立第一女中        "
"1","
"
"1","[625]"
"1"," 台北市立中山女中        "
"1"," 台北市立中山女中        "
"1"," 臺北市立第一女中        "
"1"," 臺北市立第一女中        "
"1","
"
"1","[629]"
"1"," 台北市立中山女中        "
"1"," 臺北市立第一女中        "
"1"," 台北市立中山女中        "
"1"," 台北市立中山女中        "
"1","
"
"1","[633]"
"1"," 台北市立中山女中        "
"1"," 臺北市立第一女中        "
"1"," 台北市立中山女中        "
"1"," 台北市立中山女中        "
"1","
"
"1","[637]"
"1"," 台北市立中山女中        "
"1"," 台北市立中山女中        "
"1"," 臺北市立第一女中        "
"1"," 臺北市立中山女子高級中學"
"1","
"
"1","[641]"
"1"," 台北市立第一女子高級中學"
"1"," 臺北市立中山女子高級中學"
"1"," 台北市立中山女中        "
"1"," 國立政大附中            "
"1","
"
"1","[645]"
"1"," 國立政治大學附屬高級中學"
"1"," 台北市立中山女中        "
"1"," 台北市立中山女中        "
"1"," 台北市立中山女中        "
"1","
"
"1","[649]"
"1"," 台北市立中山女中        "
"1"," 台北市立中山女中        "
"1"," 臺北市立第一女中        "
"1"," 台北市立第一女子高級中學"
"1","
"
"1","[653]"
"1"," 臺北市立中山女子高級中學"
"1"," 國立政大附中            "
"1"," 國立政大附中            "
"1"," 台北市立中山女中        "
"1","
"
"1","[657]"
"1"," 台北市立中山女中        "
"1"," 台北市立中山女中        "
"1"," 國立政大附中            "
"1"," 國立政大附中            "
"1","
"
"1","[661]"
"1"," 臺北市立中山女子高級中學"
"1"," 臺北市立第一女中        "
"1"," 台北市立中山女中        "
"1"," 臺北市立第一女中        "
"1","
"
"1","[665]"
"1"," 台北市立中山女中        "
"1"," 台北市立中山女中        "
"1"," 國立政大附中            "
"1"," 台北市立中山女中        "
"1","
"
"1","[669]"
"1"," 台北市立中山女中        "
"1"," 北一女                  "
"1"," 北一女                  "
"1"," 北一女                  "
"1","
"
"1","[673]"
"1"," 北一女                  "
"1"," 北一女                  "
"1"," 北一女                  "
"1"," 北一女                  "
"1","
"
"1","[677]"
"1"," 北一女                  "
"1"," 北一女                  "
"1"," 北一女                  "
"1","
"
"1","9 "
"1",""
"1","Levels: "
"1",""
"1","臺北市立第一女中 台北市立第一女子高級中學 中山女中 中山女高 台北市立中山女中 ... 北一女"
"1",""
"1","
"
