"0","# post"
"0","post[[5]][[2]]"
"1"," [1]"
"1"," ""4月20日 14:50"""
"1"," ""4月20日 14:51"""
"1"," ""4月20日 14:50"""
"1"," ""4月20日 14:51"""
"1"," ""4月20日 15:14"""
"1"," ""4月20日 16:26"""
"1"," ""4月20日 16:36"""
"1","
"
"1"," [8]"
"1"," ""4月20日 16:58"""
"1"," ""4月20日 17:18"""
"1"," ""4月20日 17:29"""
"1"," ""4月20日 17:40"""
"1"," ""4月20日 22:58"""
"1"," ""4月20日 23:19"""
"1"," ""4月20日 23:22"""
"1","
"
"1","[15]"
"1"," ""4月20日 23:24"""
"1"," ""4月20日 23:36"""
"1"," ""4月20日 23:55"""
"1"," ""4月21日 00:02"""
"1"," ""4月21日 00:40"""
"1"," ""4月21日 00:51"""
"1"," ""4月21日 00:56"""
"1","
"
"1","[22]"
"1"," ""4月21日 00:59"""
"1"," ""4月21日 01:00"""
"1"," ""4月21日 07:23"""
"1"," ""4月21日 09:12"""
"1","
"
